categoryName,brandName,productName,displayName,sku,barcode,costPrice,sellingPrice,gstRate,quantity
MCB,Legrand,DX3 MCB,DX3 MCB 6A SP,LGR-DX3-6A-SP,8901234500001,110,145,18,40
MCB,Legrand,DX3 MCB,DX3 MCB 10A SP,LGR-DX3-10A-SP,8901234500002,120,150,18,55
MCB,Legrand,DX3 MCB,DX3 MCB 16A SP,LGR-DX3-16A-SP,8901234500003,125,160,18,48
MCB,Legrand,DX3 MCB,DX3 MCB 20A SP,LGR-DX3-20A-SP,8901234500004,130,170,18,50
MCB,Legrand,DX3 MCB,DX3 MCB 32A DP,LGR-DX3-32A-DP,8901234500005,240,310,18,35
MCB,Schneider,Acti9 MCB,Acti9 MCB 6A SP,SCH-A9-6A-SP,8901234500006,115,148,18,60
MCB,Schneider,Acti9 MCB,Acti9 MCB 10A SP,SCH-A9-10A-SP,8901234500007,120,155,18,52
MCB,Schneider,Acti9 MCB,Acti9 MCB 16A SP,SCH-A9-16A-SP,8901234500008,128,165,18,45
MCB,Schneider,Acti9 MCB,Acti9 MCB 20A SP,SCH-A9-20A-SP,8901234500009,135,175,18,40
MCB,Schneider,Acti9 MCB,Acti9 MCB 32A DP,SCH-A9-32A-DP,8901234500010,250,320,18,32
MCB,Havells,Euro II MCB,Euro II 6A SP,HVL-E2-6A-SP,8901234500011,105,140,18,50
MCB,Havells,Euro II MCB,Euro II 10A SP,HVL-E2-10A-SP,8901234500012,112,145,18,44
MCB,Havells,Euro II MCB,Euro II 16A SP,HVL-E2-16A-SP,8901234500013,120,155,18,46
MCB,Havells,Euro II MCB,Euro II 20A SP,HVL-E2-20A-SP,8901234500014,126,165,18,39
MCB,Havells,Euro II MCB,Euro II 32A DP,HVL-E2-32A-DP,8901234500015,235,305,18,30
RCCB,Legrand,DX3 RCCB,DX3 RCCB 25A 30mA,LGR-RCCB-25A,8901234500016,950,1250,18,20
RCCB,Legrand,DX3 RCCB,DX3 RCCB 40A 30mA,LGR-RCCB-40A,8901234500017,1100,1450,18,18
RCCB,Schneider,Acti9 RCCB,Acti9 RCCB 25A,SCH-RCCB-25A,8901234500018,980,1280,18,22
RCCB,Schneider,Acti9 RCCB,Acti9 RCCB 40A,SCH-RCCB-40A,8901234500019,1150,1480,18,16
RCCB,Havells,RCCB,RCCB 63A 30mA,HVL-RCCB-63A,8901234500020,1450,1850,18,12
ELCB,Indoasian,ELCB,ELCB 32A,IND-ELCB-32A,8901234500021,850,1150,18,15
ELCB,Indoasian,ELCB,ELCB 63A,IND-ELCB-63A,8901234500022,1350,1750,18,12
Switches,Anchor,Roma Switch,Roma 6A 1 Way,ANC-ROMA-6A,8901234500023,45,70,18,100
Switches,Anchor,Roma Switch,Roma 16A,ANC-ROMA-16A,8901234500024,70,110,18,85
Switches,Legrand,Myrius Switch,Myrius 6A 1 Way,LGR-MYR-6A,8901234500025,65,95,18,90
Switches,Legrand,Myrius Switch,Myrius Bell Push,LGR-MYR-BELL,8901234500026,80,120,18,60
Switches,GM,Four Five Switch,GM 6A Switch,GM-45-6A,8901234500027,50,78,18,75
Switches,GM,Four Five Switch,GM Bell Push,GM-45-BELL,8901234500028,82,125,18,50
Sockets,Anchor,Roma Socket,Roma 6A Socket,ANC-SKT-6A,8901234500029,40,65,18,95
Sockets,Anchor,Roma Socket,Roma 16A Socket,ANC-SKT-16A,8901234500030,85,130,18,60
Sockets,Legrand,Myrius Socket,Myrius 6A Socket,LGR-SKT-6A,8901234500031,60,95,18,80
Sockets,Legrand,Myrius Socket,Myrius 16A Socket,LGR-SKT-16A,8901234500032,110,165,18,55
Sockets,GM,Four Five Socket,GM 6A Socket,GM-SKT-6A,8901234500033,58,88,18,72
Sockets,GM,Four Five Socket,GM 16A Socket,GM-SKT-16A,8901234500034,115,170,18,48
Wire,Polycab,FR Wire,1 Sqmm Red,PLY-1-RED,8901234500035,650,850,18,25
Wire,Polycab,FR Wire,1.5 Sqmm Black,PLY-1.5-BLK,8901234500036,850,1050,18,30
Wire,Polycab,FR Wire,2.5 Sqmm Blue,PLY-2.5-BLU,8901234500037,1450,1750,18,20
Wire,Finolex,FR Wire,1 Sqmm Yellow,FNX-1-YLW,8901234500038,640,840,18,22
Wire,Finolex,FR Wire,1.5 Sqmm Green,FNX-1.5-GRN,8901234500039,840,1040,18,28
Wire,Finolex,FR Wire,2.5 Sqmm Red,FNX-2.5-RED,8901234500040,1480,1800,18,18
Wire,RR Kabel,House Wire,1 Sqmm Blue,RR-1-BLU,8901234500041,620,820,18,20
Wire,RR Kabel,House Wire,1.5 Sqmm Red,RR-1.5-RED,8901234500042,830,1030,18,24
Lighting,Philips,LED Bulb,9W Warm White,PHL-9W-WW,8901234500043,55,95,12,120
Lighting,Philips,LED Bulb,12W Cool Daylight,PHL-12W-CDL,8901234500044,75,120,12,90
Lighting,Wipro,LED Panel,15W Round,WPR-15-RND,8901234500045,320,450,18,35
Lighting,Wipro,LED Panel,18W Square,WPR-18-SQR,8901234500046,350,490,18,28
Lighting,Syska,LED Bulb,9W Bulb,SYS-9W,8901234500047,50,88,12,100
Lighting,Syska,LED Tube,20W Tube Light,SYS-20W-TUBE,8901234500048,210,320,18,65
Fan,Havells,Ceiling Fan,1200mm White,HVL-FAN-WHT,8901234500049,1850,2450,18,14
Fan,Havells,Ceiling Fan,1200mm Brown,HVL-FAN-BRN,8901234500050,1850,2450,18,12
Fan,Crompton,High Speed Fan,1200mm HS Fan,CRP-HS-1200,8901234500051,2100,2750,18,10
Fan,Usha,Ceiling Fan,1200mm Ivory,USH-1200-IVY,8901234500052,1900,2500,18,11
Distribution Board,Legrand,DB Box,4 Way SPN,LGR-DB-4W,8901234500053,650,850,18,18
Distribution Board,Legrand,DB Box,8 Way SPN,LGR-DB-8W,8901234500054,950,1250,18,12
Distribution Board,Schneider,DB Box,6 Way SPN,SCH-DB-6W,8901234500055,820,1100,18,14
Distribution Board,Havells,DB Box,8 Way SPN,HVL-DB-8W,8901234500056,980,1280,18,10
Conduit,AKG,PVC Conduit,20mm PVC Pipe,AKG-20MM,8901234500057,85,125,18,200
Conduit,AKG,PVC Conduit,25mm PVC Pipe,AKG-25MM,8901234500058,120,170,18,160
Conduit,Precision,PVC Conduit,20mm Heavy Pipe,PRE-20MM,8901234500059,95,140,18,180
Conduit,Precision,PVC Conduit,25mm Heavy Pipe,PRE-25MM,8901234500060,130,185,18,150
Indicator,HPL,LED Indicator,Red Indicator,HPL-RED,8901234500061,25,45,18,250
Indicator,HPL,LED Indicator,Green Indicator,HPL-GRN,8901234500062,25,45,18,240
Indicator,HPL,LED Indicator,Yellow Indicator,HPL-YLW,8901234500063,25,45,18,230
Modular Plate,Anchor,Roma Plate,6 Module Plate,ANC-PLT-6M,8901234500064,38,60,18,110
Modular Plate,Anchor,Roma Plate,8 Module Plate,ANC-PLT-8M,8901234500065,45,70,18,95
Modular Plate,Legrand,Myrius Plate,6 Module Plate,LGR-PLT-6M,8901234500066,48,75,18,100
Modular Plate,Legrand,Myrius Plate,8 Module Plate,LGR-PLT-8M,8901234500067,58,88,18,85
Sensor,Panasonic,Motion Sensor,PIR Motion Sensor,PAN-PIR,8901234500068,850,1250,18,16
Sensor,Panasonic,Door Sensor,Magnetic Door Sensor,PAN-DOOR,8901234500069,650,980,18,20
Exhaust Fan,Crompton,Exhaust Fan,9 Inch Exhaust Fan,CRP-EXH-9,8901234500070,1450,1950,18,12
Exhaust Fan,Havells,Exhaust Fan,12 Inch Exhaust Fan,HVL-EXH-12,8901234500071,1850,2450,18,10
Cable Accessories,Dowells,Lug,Copper Lug 25 Sqmm,DWL-LUG-25,8901234500072,12,22,18,500
Cable Accessories,Dowells,Lug,Copper Lug 50 Sqmm,DWL-LUG-50,8901234500073,18,30,18,450
Cable Accessories,Jainson,Gland,Brass Gland 20mm,JNS-GLD-20,8901234500074,25,42,18,350
Cable Accessories,Jainson,Gland,Brass Gland 25mm,JNS-GLD-25,8901234500075,32,52,18,320
PVC Pipe,Finolex,PVC Pipe,1 Inch PVC Pipe,FNX-PVC-1,8901234500076,95,145,18,130
PVC Pipe,Finolex,PVC Pipe,1.5 Inch PVC Pipe,FNX-PVC-1.5,8901234500077,145,210,18,95
PVC Pipe,Prince,PVC Pipe,1 Inch PVC Pipe,PRC-PVC-1,8901234500078,90,140,18,125
PVC Pipe,Prince,PVC Pipe,1.5 Inch PVC Pipe,PRC-PVC-1.5,8901234500079,140,205,18,90